[{"nom":"Bases de Données (BD)","coef":2,"TD":"","TP":"/","Examin":""},{"nom":"Systèmes d'Exploitation 1 (SE)","coef":3,"TD":"","TP":"/","Examin":""},{"nom":"Génie Logiciel 1 (GL)","coef":2,"TD":"","TP":"/","Examin":""},{"nom":"Théorie des graphes (TDG)","coef":2,"TD":"","TP":"/","Examin":""},{"nom":"Réseaux de Communication (RC)","coef":3,"TD":"","TP":"/","Examin":""},{"nom":"D'éveloppement d'applications Web (DAW)","coef":2,"TD":"/","TP":"","Examin":""},{"nom":"Aspects Juridiques et Economiques des Logiciels (AJEL)","coef":1,"TD":"/","TP":"/","Examin":""},{"nom":"Anglais (ANG3)","coef":1,"TD":"/","TP":"/","Examin":""}]