[{"nom":"Système d'exploitation 2 (SE2)","coef":2,"TD":null,"TP":"/","Examin":null},{"nom":"Compilation","coef":2,"TD":null,"TP":"/","Examin":null},{"nom":"Programmation logique (PROLOG)","coef":2,"TD":null,"TP":"/","Examin":null},{"nom":"Génie Logiciel 2 (GL2)","coef":2,"TD":null,"TP":"/","Examin":null},{"nom":"Interaction Homme Machine (IHM)","coef":2,"TD":"/","TP":"","Examin":""},{"nom":"Programmation linéaire (PL)","coef":2,"TD":null,"TP":"/","Examin":null},{"nom":"Paradigmes de programmation","coef":2,"TD":null,"TP":"/","Examin":null},{"nom":"Anglais (ANG4)","coef":1,"TD":"/","TP":"/","Examin":""}]